{ 
  "Info": {
    "Tomograph": ["HRRT"],
    "BodyPart": ["brain"],
    "Unit": ["Bq/ml"],
    "Tracer": {
      "MW": [],
      "InjectionType": ["bolus"],
      "Isotope": ["C-11"],
      "Name": ["[C-11]DASB"],
    }
  },
  "RadioChem": {
    "InjectedRadioactivityUnits": ["MBq"],
    "InjectedMassUnits": ["ug"],
    "SpecificRadioactivityUnits": ["GBq/umol"],
    "InjectedRadioactivity": [5.962830e+02],
    "InjectedMass": [6.340485e-01],
    "SpecificRadioactivity": [2.665200e+02]
  },
  "Recon": {
    "DiameterFOV": [3.120000e+01],
    "ReconMatrixSize": [256, 256],
    "PSF": {
      "EffectiveResolutionInPlane": [1.218750e-01],
      "EffectiveResolutionAxial": [1.218750e-01],
    }
    "Method": {
      "Name": ["inki-2006-may-OSEM3D-OP-PSF"],
      "Parameter": {
        "Labels": ["subsets","iterations"],
        "Units": ["none","none"],
        "Values": [16, 10],
      }
    }
  },
  "Time": {
    "ScanStart": ["13:00:33"],
    "ScanStartUnits": ["hh:mm:ss"],
    "FrameTimes": {
      "Labels": ["frameStart", "frameEnd"],
      "Units": ["s", "s"],
      "Values": [
        [31, 41],
        [41, 51],
        [51, 61],
        [61, 71],
        [71, 81],
        [81, 91],
        [91, 111],
        [111, 131],
        [131, 151],
        [151, 181],
        [181, 211],
        [211, 241],
        [241, 271],
        [271, 301],
        [301, 331],
        [331, 391],
        [391, 451],
        [451, 511],
        [511, 571],
        [571, 631],
        [631, 751],
        [751, 871],
        [871, 991],
        [991, 1111],
        [1111, 1231],
        [1231, 1531],
        [1531, 1831],
        [1831, 2131],
        [2131, 2431],
        [2431, 2731],
        [2731, 3031],
        [3031, 3331],
        [3331, 3631],
        [3631, 4231],
        [4231, 4831],
        [4831, 5431]
      ]
    }
  }
}
