{ 
  "Info": {
    "Tomograph": ["HRRT"],
    "BodyPart": ["brain"],
    "Unit": ["Bq/ml"],
    "Tracer": {
      "MW": [],
      "InjectionType": ["bolus"],
      "Isotope": ["C-11"],
      "Name": ["[C-11]DASB"],
    }
  },
  "RadioChem": {
    "InjectedRadioactivityUnits": ["MBq"],
    "InjectedMassUnits": ["ug"],
    "SpecificRadioactivityUnits": ["GBq/umol"],
    "InjectedRadioactivity": [5.992960e+02],
    "InjectedMass": [1.620925e+00],
    "SpecificRadioactivity": [1.047800e+02]
  },
  "Recon": {
    "DiameterFOV": [3.120000e+01],
    "ReconMatrixSize": [256, 256],
    "PSF": {
      "EffectiveResolutionInPlane": [1.218750e-01],
      "EffectiveResolutionAxial": [1.218750e-01],
    }
    "Method": {
      "Name": ["inki-2006-may-OSEM3D-OP-PSF"],
      "Parameter": {
        "Labels": ["subsets","iterations"],
        "Units": ["none","none"],
        "Values": [16, 10],
      }
    }
  },
  "Time": {
    "ScanStart": ["12:06:34"],
    "ScanStartUnits": ["hh:mm:ss"],
    "FrameTimes": {
      "Labels": ["frameStart", "frameEnd"],
      "Units": ["s", "s"],
      "Values": [
        [28, 38],
        [38, 48],
        [48, 58],
        [58, 68],
        [68, 78],
        [78, 88],
        [88, 108],
        [108, 128],
        [128, 148],
        [148, 178],
        [178, 208],
        [208, 238],
        [238, 268],
        [268, 298],
        [298, 328],
        [328, 388],
        [388, 448],
        [448, 508],
        [508, 568],
        [568, 628],
        [628, 748],
        [748, 868],
        [868, 988],
        [988, 1108],
        [1108, 1228],
        [1228, 1528],
        [1528, 1828],
        [1828, 2128],
        [2128, 2428],
        [2428, 2728],
        [2728, 3028],
        [3028, 3328],
        [3328, 3628],
        [3628, 4228],
        [4228, 4828],
        [4828, 5428]
      ]
    }
  }
}
